<?xml version="1.0" encoding="UTF-8"?><!-- file:///Users/simon/Cocoa/wordclock_screensaver/xml/Brazilian.xml --><wordclock language="pt">	<title>		<![CDATA[(Brazilian) Segunda vinte-e-quatro de Fevereiro, 15 e horas e quarenta-e-três segundo.]]>	</title>	<author>		<name><![CDATA[Mauro Mello Jr.]]></name>		<url><![CDATA[]]></url>		<email><![CDATA[mmjr777@mac.com]]></email>	</author>	<suitability>		<suitable style="linear" />		<suitable style="rotary" />	</suitability>	<group>		<sequence bind="daystartingmonday" first="0" delimeter=",">			<![CDATA[Segunda,Terça,Quarta,Quinta,Sexta,Sábado,Domingo]]>		</sequence>	</group>	<group>		<sequence bind="date" first="1" delimeter=",">			<![CDATA[trinta-e-um,um,dois,três,quatro,cinco,seis,sete,oito,nove,dez,onze,doze,treze,catorze,quinze, dezasseis,dezassete,dezoito,dezanove,vinte,vinte-e-um,vinte-e-dois,vinte-e-três,vinte-e-quatro,vinte-e-cinco,vinte-e-seis,vinte-e-sete,vinte-e-oito,vinte-e-nove,trinta]]>		</sequence>	</group>	<group>		<item highlight="true"><![CDATA[de]]></item>	</group>	<group>		<sequence bind="month" first="0" delimeter=",">			<![CDATA[Janeiro,Fevereiro,Março,Abril,Maio,Junho,Julho,Agosto,Setembro,Outubro,Novembro,Dezembro]]>		</sequence>	</group>	<group>		<item highlight="true"><![CDATA[,]]></item>	</group>	<group>		<sequence bind="twentyfourhour" first="0" delimeter=",">			<![CDATA[24,um,dois,três,quatro,cinco,seis,sete,oito,nove,dez,onze,doze,13,14,15,16,17,18,19,20,21,22,23]]>		</sequence>	</group>	<group>		<item highlight="true"><![CDATA[e]]></item>	</group>	<group>		<sequence bind="minute" first="0" delimeter=",">			<![CDATA[horas,zero-um,zero-dois,zero-três,zero-quatro,zero-cinco,zero-seis,zero-sete,zero-oito,zero-nove,dez,onze,doze,treze,catorze,quinze,dezasseis,dezassete, dezoito,dezanove,vinte,vinte-e-um,vinte-e-dois,vinte-e-três,vinte-e-quatro,vinte-e-cinco,vinte-e-seis,vinte-e-sete,vinte-e-oito,vinte-e-nove,trinta,trinta-e-um,trinta-e-dois,trinta-e-três,trinta-e-quatro,trinta-e-cinco,trinta-e-seis,trinta-e-sete,trinta-e-oito,trinta-e-nove,quarenta,quarenta-e-um,quarenta-e-dois,quarenta-e-três,quarenta-e-quatro,quarenta-e-cinco,quarenta-e-seis,quarenta-e-sete,quarenta-e-oito,quarenta-e-nove,cinquenta,cinquenta-e-um,cinquenta-e-dois,cinquenta-e-três,cinquenta-e-quatro,cinquenta-e-cinco,cinquenta-e-seis,cinquenta-e-sete,cinquenta-e-oito,cinquenta-e-nove]]>		</sequence>	</group>	<group>		<item highlight="true"><![CDATA[e]]></item>	</group>	<group>		<sequence bind="second" first="0" delimeter=",">			<![CDATA[zero,um,dois,três,quatro,cinco,seis,sete,oito,nove,dez,onze,doze,treze,catorze,quinze,dezasseis,dezassete, dezoito,dezanove,vinte,vinte-e-um,vinte-e-dois,vinte-e-três,vinte-e-quatro,vinte-e-cinco,vinte-e-seis,vinte-e-sete,vinte-e-oito,vinte-e-nove,trinta,trinta-e-um,trinta-e-dois,trinta-e-três,trinta-e-quatro,trinta-e-cinco,trinta-e-seis,trinta-e-sete,trinta-e-oito,trinta-e-nove,quarenta,quarenta-e-um,quarenta-e-dois,quarenta-e-três,quarenta-e-quatro,quarenta-e-cinco,quarenta-e-seis,quarenta-e-sete,quarenta-e-oito,quarenta-e-nove,cinquenta,cinquenta-e-um,cinquenta-e-dois,cinquenta-e-três,cinquenta-e-quatro,cinquenta-e-cinco,cinquenta-e-seis,cinquenta-e-sete,cinquenta-e-oito,cinquenta-e-nove]]>		</sequence>	</group>	<group>		<item highlight="second==1"><![CDATA[segundo]]></item>		<item highlight="second!=1"><![CDATA[segundos]]></item>		<space count="58" />	</group></wordclock>