<?xml version="1.0" encoding="UTF-8"?><!-- file:///Users/simon/Cocoa/wordclock_screensaver/xml/Catalan.xml --><wordclock language="ca">	<title>		<![CDATA[Dilluns vint-i-cuatre de Juliol, cuatre trenta-u pm amb nou segons.]]>	</title>	<author>		<name><![CDATA[Miquel Labòria]]></name>		<url><![CDATA[http://apple.bloks.cat/]]></url>		<email><![CDATA[mlaboria@mac.com]]></email>	</author>	<suitability>		<suitable style="linear" />		<suitable style="rotary" />	</suitability>	<group>		<sequence bind="daystartingmonday" first="0" delimeter=",">			<![CDATA[Dilluns,Dimarts,Dimecres,Dijous,Divendres,Dissabte,Diumenge]]>		</sequence>	</group>	<group>		<sequence bind="date" first="1" delimeter=",">			<![CDATA[u,dos,tres,cuatre,cinc,sis,set,vuit,nou,deu,onze,dotze,tretze,catorze,quinze,setze,diset,divuit,dinou,vint,vint-i-u,vint-i-dos,vint-i-tres,vint-i-cuatre,vint-i-cinc,vint-i-sis,vint-i-set,vint-i-vuit,vint-i-nou,trenta,trenta-u]]>		</sequence>	</group>	<group>		<item highlight="true"><![CDATA[de]]></item>	</group>	<group>		<sequence bind="month" first="0" delimeter=",">			<![CDATA[Gener,Febrer,Març,Abril,Maig,Juny,Juliol,Agost,Setembre,Octubre,Novembre,Desembre]]>		</sequence>	</group>	<group>		<item highlight="true"><![CDATA[,]]></item>	</group>	<group>		<sequence bind="hour" first="0" delimeter=",">			<![CDATA[una,dues,tres,cuatre,cinc,sis,set,vuit,nou,deu,onze,dotze]]>		</sequence>	</group>	<group>		<sequence bind="minute" first="0" delimeter=",">			<![CDATA[en punt,un,dos,tres,cuatre,cinc,sis,set,vuit,nou,deu,onze,dotze,tretze,catorze,quinze,setze,diset,divuit,dinou,vint,vint-i-u,vint-i-dos,vint-i-tres,vint-i-cuatre,vint-i-cinc,vint-i-sis,vint-i-set,vint-i-vuit,vint-i-nou,trenta,trenta-u,trenta-dos,trenta-tres,trenta-cuatre,trenta-cinc,trenta-sis,trenta-set,trenta-vuit,trenta-nou,quaranta,quaranta-u,quaranta-dos,quaranta-tres,quaranta-cuatre,quaranta-cinc,quaranta-sis,quaranta-set,quaranta-vuit,quaranta-nou,cinquanta,cinquanta-u,cinquanta-dos,cinquanta-tres,cinquanta-cuatre,cinquanta-cinc,cinquanta-sis,cinquanta-set,cinquanta-vuit,cinquanta-nou]]>		</sequence>	</group>	<group>		<item highlight="twentyfourhour&lt;12"><![CDATA[am]]></item>		<item highlight="twentyfourhour&gt;=12"><![CDATA[pm]]></item>		<space count="58" />	</group>	<group>		<item highlight="true"><![CDATA[amb]]></item>	</group>	<group>		<sequence bind="second" first="0" delimeter=",">			<![CDATA[zero,un,dos,tres,cuatre,cinc,sis,set,vuit,nou,deu,onze,dotze,tretze,catorze,quinze,setze,diset,divuit,dinou,vint,vint-i-u,vint-i-dos,vint-i-tres,vint-i-cuatre,vint-i-cinc,vint-i-sis,vint-i-set,vint-i-vuit,vint-i-nou,trenta,trenta-u,trenta-dos,trenta-tres,trenta-cuatre,trenta-cinc,trenta-sis,trenta-set,trenta-vuit,trenta-nou,quaranta,quaranta-u,quaranta-dos,quaranta-tres,quaranta-cuatre,quaranta-cinc,quaranta-sis,quaranta-set,quaranta-vuit,quaranta-nou,cinquanta,cinquanta-u,cinquanta-dos,cinquanta-tres,cinquanta-cuatre,cinquanta-cinc,cinquanta-sis,cinquanta-set,cinquanta-vuit,cinquanta-nou]]>		</sequence>	</group>	<group>		<item highlight="second==1"><![CDATA[segon]]></item>		<item highlight="second!=1"><![CDATA[segons]]></item>		<space count="58" />	</group></wordclock>