<?xml version="1.0" encoding="UTF-8"?><!-- file:///Users/simon/Cocoa/wordclock_screensaver/xml/Danish.xml --><wordclock language="da">	<title>		<![CDATA[Tirsdag den enogtyvende maj kl. fire seksogtredive og otteogfyrre sekunder.]]>	</title>	<author>		<name><![CDATA[René Clausen Nielsen]]></name>		<url><![CDATA[http://shevy.dk/]]></url>		<email><![CDATA[rcn@shevy.dk]]></email>	</author>	<suitability>		<suitable style="linear" />		<suitable style="rotary" />	</suitability>	<group>		<sequence bind="daystartingmonday" first="0" delimeter=",">			<![CDATA[Mandag,Tirsdag,Onsdag,Torsdag,Fredag,Lørdag,Søndag]]>		</sequence>	</group>	<group>		<item highlight="true"><![CDATA[den]]></item>	</group>	<group>		<sequence bind="date" first="1" delimeter=",">			<![CDATA[første,anden,tredje,fjerde,femte,sjette,syvende,ottende,niende,tiende,ellevte,tolvte,trettende,fjortende,femtende,sekstende,syttende,attende,nittende,tyvende,enogtyvende,toogtyvende,treogtyvende,fireogtyvende,femogtyvende,seksogtyvende,syvogtyvende,otteogtyvende,niogtyvende,tredivte,enogtredivte]]>		</sequence>	</group>	<group>		<sequence bind="month" first="0" delimeter=",">			<![CDATA[januar,februar,marts,april,maj,juni,juli,august,september,oktober,november,december]]>		</sequence>	</group>	<group>		<item highlight="true"><![CDATA[kl.]]></item>	</group>	<group>		<sequence bind="hour" first="0" delimeter=",">			<![CDATA[et,to,tre,fire,fem,seks,syv,otte,ni,ti,elleve,tolv]]>		</sequence>	</group>	<group>		<sequence bind="minute" first="0" delimeter=",">			<![CDATA[nul-nul,nul-et,nul-to,nul-tre,nul-fire,nul-fem,nul-seks,nul-syv,nul-otte,nul-ni,ti,elleve,tolv,tretten,fjorten,femten,seksten,sytten,atten,nitten,tyve,enogtyve,toogtyve,treogtyve,fireogtyve,femogtyve,seksogtyve,syvogtyve,otteogtyve,niogtyve,tredive,enogtredive,toogtredive,treogtredive,fireogtredive,femogtredive,seksogtredive,syvogtredive,otteogtredive,niogtredive,fyrre,enogfyrre,toogfyrre,treogfyrre,fireogfyrre,femogfyrre,seksogfyrre,syvogfyrre,otteogfyrre,niogfyrre,halvtres,enoghalvtres,tooghalvtres,treoghalvtres,fireoghalvtres,femoghalvtres,seksoghalvtres,syvoghalvtres,otteoghalvtres,nioghalvtres]]>		</sequence>	</group>	<group>		<item highlight="true"><![CDATA[og]]></item>	</group>	<group>		<sequence bind="second" first="0" delimeter=",">			<![CDATA[nul-nul,nul-et,nul-to,nul-tre,nul-fire,nul-fem,nul-seks,nul-syv,nul-otte,nul-ni,ti,elleve,tolv,tretten,fjorten,femten,seksten,sytten,atten,nitten,tyve,enogtyve,toogtyve,treogtyve,fireogtyve,femogtyve,seksogtyve,syvogtyve,otteogtyve,niogtyve,tredive,enogtredive,toogtredive,treogtredive,fireogtredive,femogtredive,seksogtredive,syvogtredive,otteogtredive,niogtredive,fyrre,enogfyrre,toogfyrre,treogfyrre,fireogfyrre,femogfyrre,seksogfyrre,syvogfyrre,otteogfyrre,niogfyrre,halvtres,enoghalvtres,tooghalvtres,treoghalvtres,fireoghalvtres,femoghalvtres,seksoghalvtres,syvoghalvtres,otteoghalvtres,nioghalvtres]]>		</sequence>	</group>	<group>		<item highlight="true"><![CDATA[sekunder]]></item>	</group></wordclock>