<?xml version="1.0" encoding="UTF-8"?><!-- file:///Users/simon/Cocoa/wordclock_screensaver/xml/Dutch.xml --><wordclock language="nl">	<title>		<![CDATA[Vandaag is het woensdag, drie februari, en de juiste tijd is vijf uur, drieëndertig minuten en drieëndertig seconde.]]>	</title>	<author>		<name><![CDATA[Nico Dielen]]></name>		<url><![CDATA[]]></url>		<email><![CDATA[nicothdielen@mac.com]]></email>	</author>	<suitability>		<suitable style="linear" />		<suitable style="rotary" />	</suitability>	<group>		<item highlight="true"><![CDATA[Vandaag is het]]></item>	</group>	<group>		<sequence bind="daystartingmonday" first="0" delimeter=",">			<![CDATA[maandag,dinsdag,woensdag,donderdag,vrijdag,zaterdag,zondag]]>		</sequence>	</group>	<group>		<item highlight="true"><![CDATA[,]]></item>	</group>	<group>		<sequence bind="date" first="1" delimeter=",">			<![CDATA[een,twee,drie,vier,vijf,zes,zeven,acht,negen,tien,elf,twaalf,dertien,veertien,vijftien,zestien,zeventien,achttien,negentien,twintig,eenentwintig,tweeëntwintig,drieëntwintig,vierentwintig,vijfentwintig,zesentwintig,zevenentwintig,achtentwintig,negenentwintig,dertig,eenendertig]]>		</sequence>	</group>	<group>		<sequence bind="month" first="0" delimeter=",">			<![CDATA[januari,februari,maart,april,mei,juni,juli,augustus,september,oktober,november,december]]>		</sequence>	</group>	<group>		<item highlight="true"><![CDATA[, en de juiste tijd is]]></item>	</group>	<group>		<sequence bind="twentyfourhour" first="0" delimeter=",">			<![CDATA[nul,een,twee,drie,vier,vijf,zes,zeven,acht,negen,tien,elf,twaalf,dertien,veertien,vijftien,zestien,zeventien,achttien,negentien,twintig,eenentwintig,tweeëntwintig,drieëntwintig]]>		</sequence>	</group>	<group>		<item highlight="true"><![CDATA[uur,]]></item>	</group>	<group>		<sequence bind="minute" first="0" delimeter=",">			<![CDATA[nul,een,twee,drie,vier,vijf,zes,zeven,acht,negen,tien,elf,twaalf,dertien,veertien,vijftien,zestien,zeventien,achttien,negentien,twintig,eenentwintig,tweeëntwintig,drieëntwintig,vierentwintig,vijfentwintig,zesentwintig,zevenentwintig,achtentwintig,negenentwintig,dertig,eenendertig,tweeëndertig,drieëndertig,vierendertig,vijfendertig,zesendertig,zevenendertig,achtendertig,negenendertig,veertig,eenenveertig,tweeënveertig,drieënveertig,vierenveertig,vijfenveertig,zesenveertig,zevenenveertig,achtenveertig,negenenveertig,vijftig,eenenvijftig,tweeënvijftig,drieënvijftig,vierenvijftig,vijfenvijftig,zesenvijftig,zevenenvijftig,achtenvijftig,negenenvijftig]]>		</sequence>	</group>	<group>		<item highlight="minute==1"><![CDATA[minuut]]></item>		<item highlight="minute!=1"><![CDATA[minuten]]></item>		<space count="58" />	</group>	<group>		<item highlight="true"><![CDATA[en]]></item>	</group>	<group>		<sequence bind="second" first="0" delimeter=",">			<![CDATA[nul,een,twee,drie,vier,vijf,zes,zeven,acht,negen,tien,elf,twaalf,dertien,veertien,vijftien,zestien,zeventien,achttien,negentien,twintig,eenentwintig,tweeëntwintig,drieëntwintig,vierentwintig,vijfentwintig,zesentwintig,zevenentwintig,achtentwintig,negenentwintig,dertig,eenendertig,tweeëndertig,drieëndertig,vierendertig,vijfendertig,zesendertig,zevenendertig,achtendertig,negenendertig,veertig,eenenveertig,tweeënveertig,drieënveertig,vierenveertig,vijfenveertig,zesenveertig,zevenenveertig,achtenveertig,negenenveertig,vijftig,eenenvijftig,tweeënvijftig,drieënvijftig,vierenvijftig,vijfenvijftig,zesenvijftig,zevenenvijftig,achtenvijftig,negenenvijftig]]>		</sequence>	</group>	<group>		<item highlight="second==1"><![CDATA[seconde]]></item>		<item highlight="second!=1"><![CDATA[seconden]]></item>		<space count="58" />	</group></wordclock>