﻿<?xml version="1.0" encoding="UTF-8"?>

<wordclock language="en">
	<title>
		<![CDATA[(Fragmented) Three forty-five and twelve seconds]]>
	</title>
	<author>
		<name><![CDATA[Simon Heys]]></name>
		<url><![CDATA[http://www.simonheys.com/]]></url>
		<email><![CDATA[si@simonheys.com]]></email>
	</author>
	<suitability>
		<suitable style="rotary" />
		<suitable style="linear" />
	</suitability>
	<group>
		<sequence bind="hour" first="1" delimeter=",">
			<![CDATA[One,Two,Three,Four,Five,Six,Seven,Eight,Nine,Ten,Eleven,Twelve]]>
		</sequence>
	</group>
	
	<group>
		<item highlight="minute==0"><![CDATA[o’clock]]></item>
		<item highlight="minute&gt;0 && minute&lt;10"><![CDATA[oh]]></item>
		<sequence bind="minute" first="10" delimeter=",">
			<![CDATA[ten,eleven,twelve,thirteen,fourteen,fifteen,sixteen,seventeen,eighteen,nineteen]]>
		</sequence>
		<item highlight="minute&gt;=20 && minute&lt;30"><![CDATA[twenty]]></item>
		<item highlight="minute&gt;=30 && minute&lt;40"><![CDATA[thirty]]></item>
		<item highlight="minute&gt;=40 && minute&lt;50"><![CDATA[forty]]></item>
		<item highlight="minute&gt;=50 && minute&lt;60"><![CDATA[fifty]]></item>
	</group>

	<group>
		<item highlight="(minute%10)==0 || (minute&gt;10 && minute&lt;21)"><![CDATA[]]></item>
		<item highlight="(minute%10)==1"><![CDATA[one]]></item>
		<item highlight="(minute%10)==2"><![CDATA[two]]></item>
		<item highlight="(minute%10)==3"><![CDATA[three]]></item>
		<item highlight="(minute%10)==4"><![CDATA[four]]></item>
		<item highlight="(minute%10)==5"><![CDATA[five]]></item>
		<item highlight="(minute%10)==6"><![CDATA[six]]></item>
		<item highlight="(minute%10)==7"><![CDATA[seven]]></item>
		<item highlight="(minute%10)==8"><![CDATA[eight]]></item>
		<item highlight="(minute%10)==9"><![CDATA[nine]]></item>
	</group>
	
	<group>
		<item highlight="second==0"><![CDATA[]]></item>
		<item highlight="second!=0"><![CDATA[and]]></item>
		<space count="58" />
	</group>
	
	<group>
		<item highlight="second==0"><![CDATA[precisely]]></item>
		<item highlight="second&gt;0 && second&lt;10"><![CDATA[]]></item>
		<sequence bind="second" first="10" delimeter=",">
			<![CDATA[ten,eleven,twelve,thirteen,fourteen,fifteen,sixteen,seventeen,eighteen,nineteen]]>
		</sequence>
		<item highlight="second&gt;=20 && second&lt;30"><![CDATA[twenty]]></item>
		<item highlight="second&gt;=30 && second&lt;40"><![CDATA[thirty]]></item>
		<item highlight="second&gt;=40 && second&lt;50"><![CDATA[forty]]></item>
		<item highlight="second&gt;=50 && second&lt;60"><![CDATA[fifty]]></item>
	</group>

	<group>
		<item highlight="(second%10)==0 || (second&gt;10 && second&lt;21)"><![CDATA[]]></item>
		<item highlight="(second%10)==1"><![CDATA[one]]></item>
		<item highlight="(second%10)==2"><![CDATA[two]]></item>
		<item highlight="(second%10)==3"><![CDATA[three]]></item>
		<item highlight="(second%10)==4"><![CDATA[four]]></item>
		<item highlight="(second%10)==5"><![CDATA[five]]></item>
		<item highlight="(second%10)==6"><![CDATA[six]]></item>
		<item highlight="(second%10)==7"><![CDATA[seven]]></item>
		<item highlight="(second%10)==8"><![CDATA[eight]]></item>
		<item highlight="(second%10)==9"><![CDATA[nine]]></item>
	</group>
	
	<group>
		<item highlight="second&lt;1"><![CDATA[]]></item>
		<item highlight="second==1"><![CDATA[second]]></item>
		<item highlight="second&gt;1"><![CDATA[seconds]]></item>
		<space count="57" />
	</group>
</wordclock>
