<?xml version="1.0" encoding="UTF-8"?><!-- file:///Users/simon/Cocoa/wordclock_screensaver/xml/Estonian.xml --><wordclock language="et">	<title>		<![CDATA[On kolmapäev, kaheksas oktoober, kell on viis viiskümmend viis ja neli sekund.]]>	</title>	<author>		<name><![CDATA[Erki Esken]]></name>		<url><![CDATA[http://esken.net/]]></url>		<email><![CDATA[erki@esken.net]]></email>	</author>	<suitability>		<suitable style="linear" />		<suitable style="rotary" />	</suitability>	<group>		<item highlight="true"><![CDATA[On]]></item>	</group>	<group>		<sequence bind="daystartingmonday" first="0" delimeter=",">			<![CDATA[esmaspäev,teisipäev,kolmapäev,neljapäev,reede,laupäev,pühapäev]]>		</sequence>	</group>	<group>		<item highlight="true"><![CDATA[,]]></item>	</group>	<group>		<sequence bind="date" first="1" delimeter=",">			<![CDATA[esimene,teine,kolmas,neljas,viies,kuues,seitsmes,kaheksas,üheksas,kümnes,üheteistkümnes,kaheteistkümnes,kolmeteistkümnes,neljateistkümnes,viieteistkümnes,kuueteistkümnes,seitsmeteistkümnes,kaheksateistkümnes,üheksateistkümnes,kahekümnes,kahekümne esimene,kahekümne teine,kahekümne kolmas,kahekümne neljas,kahekümne viies,kahekümne kuues,kahekümne seitsmes,kahekümne kaheksas,kahekümne üheksas,kolmekümnes,kolmekümne esimene]]>		</sequence>	</group>	<group>		<sequence bind="month" first="0" delimeter=",">			<![CDATA[jaanuar,veebruar,märts,aprill,mai,juuni,juuli,august,september,oktoober,november,detsember]]>		</sequence>	</group>	<group>		<item highlight="true"><![CDATA[, kell on]]></item>	</group>	<group>		<sequence bind="twentyfourhour" first="0" delimeter=",">			<![CDATA[kakskümmend kolm,null,üks,kaks,kolm,neli,viis,kuus,seitse,kaheksa,üheksa,kümme,üksteist,kaksteist,kolmteist,neliteist,viisteist,kuusteist,seitseteist,kaheksateist,üheksateist,kakskümmend,kakskümmend üks,kakskümmend kaks]]>		</sequence>	</group>	<group>		<sequence bind="minute" first="0" delimeter=",">			<![CDATA[,null üks,null kaks,null kolm,null neli,null viis,null kuus,null seitse,null kaheksa,null üheksa,kümme,üksteist,kaksteist,kolmteist,neliteist,viisteist,kuusteist,seitseteist,kaheksateist,üheksateist,kakskümmend,kakskümmend üks,kakskümmend kaks,kakskümmend kolm,kakskümmend neli,kakskümmend viis,kakskümmend kuus,kakskümmend seitse,kakskümmend kaheksa,kakskümmend üheksa,kolmkümmend,kolmkümmend üks,kolmkümmend kaks,kolmkümmend kolm,kolmkümmend neli,kolmkümmend viis,kolmkümmend kuus,kolmkümmend seitse,kolmkümmend kaheksa,kolmkümmend üheksa,nelikümmend,nelikümmend üks,nelikümmend kaks,nelikümmend kolm,nelikümmend neli,nelikümmend viis,nelikümmend kuus,nelikümmend seitse,nelikümmend kaheksa,nelikümmend üheksa,viiskümmend,viiskümmend üks,viiskümmend kaks,viiskümmend kolm,viiskümmend neli,viiskümmend viis,viiskümmend kuus,viiskümmend seitse,viiskümmend kaheksa,viiskümmend üheksa]]>		</sequence>	</group>	<group>		<item highlight="true"><![CDATA[ja]]></item>	</group>	<group>		<sequence bind="second" first="0" delimeter=",">			<![CDATA[null,üks,kaks,kolm,neli,viis,kuus,seitse,kaheksa,üheksa,kümme,üksteist,kaksteist,kolmteist,neliteist,viisteist,kuusteist,seitseteist,kaheksateist,üheksateist,kakskümmend,kakskümmend üks,kakskümmend kaks,kakskümmend kolm,kakskümmend neli,kakskümmend viis,kakskümmend kuus,kakskümmend seitse,kakskümmend kaheksa,kakskümmend üheksa,kolmkümmend,kolmkümmend üks,kolmkümmend kaks,kolmkümmend kolm,kolmkümmend neli,kolmkümmend viis,kolmkümmend kuus,kolmkümmend seitse,kolmkümmend kaheksa,kolmkümmend üheksa,nelikümmend,nelikümmend üks,nelikümmend kaks,nelikümmend kolm,nelikümmend neli,nelikümmend viis,nelikümmend kuus,nelikümmend seitse,nelikümmend kaheksa,nelikümmend üheksa,viiskümmend,viiskümmend üks,viiskümmend kaks,viiskümmend kolm,viiskümmend neli,viiskümmend viis,viiskümmend kuus,viiskümmend seitse,viiskümmend kaheksa,viiskümmend üheksa]]>		</sequence>	</group>	<group>		<item highlight="second==1"><![CDATA[sekund]]></item>		<item highlight="second!=1"><![CDATA[sekundit]]></item>		<space count="58" />	</group></wordclock>