<?xml version="1.0" encoding="UTF-8"?>

<wordclock language="fr">
	<title>
		<![CDATA[Aujourd’hui nous sommes le jeudi treize mai, et il est trois heure, quatre minutes et cinq secondes. ]]>
	</title>
	<author>
		<name><![CDATA[Wim Janin]]></name>
		<url><![CDATA[]]></url>
		<email><![CDATA[wim.janin@gmail.com]]></email>
	</author>
	<suitability>
		<suitable style="linear" />
		<suitable style="rotary" />
	</suitability>
	<group>
		<item highlight="true"><![CDATA[Aujourd’hui nous sommes le]]></item>
	</group>

	<group>
		<sequence bind="daystartingmonday" first="0" delimeter=",">
			<![CDATA[lundi,mardi,mercredi,jeudi,vendredi,samedi,dimanche]]>
		</sequence>
	</group>

	<group>
		<sequence bind="date" first="1" delimeter=",">
<![CDATA[premier,deux,trois,quatre,cinq,six,sept,huit,neuf,dix,onze,douze,treize,quatorze,quinze,seize,dix-sept,dix-huit,dix-neuf,vingt,vingt-et-un,vingt-deux,vingt-trois,vingt-quatre,vingt-cinq,vingt-six,vingt-sept,vingt-huit,vingt-neuf,trente,trente-et-un]]>
		</sequence>
	</group>

	<group>
		<sequence bind="month" first="0" delimeter=",">
			<![CDATA[janvier,février,mars,avril,mai,juin,juillet,août,septembre,octobre,novembre,décembre]]>
		</sequence>
	</group>

	<group>
		<item highlight="true"><![CDATA[, et il est]]></item>
	</group>

	<group>
		<sequence bind="twentyfourhour" first="0" delimeter=",">
<![CDATA[zéro,une,deux,trois,quatre,cinq,six,sept,huit,neuf,dix,onze,douze,treize,quatorze,quinze,seize,dix-sept,dix-huit,dix-neuf,vingt,vingt-et-une,vingt-deux,vingt-trois]]>
		</sequence>
	</group>
	
	<group>
		<item highlight="hour&lt;=1"><![CDATA[heure,]]></item>
		<item highlight="hour&gt;=2"><![CDATA[heures,]]></item>
	</group>

	<group>
		<sequence bind="minute" first="0" delimeter=",">
<![CDATA[zéro,une,deux,trois,quatre,cinq,six,sept,huit,neuf,dix,onze,douze,treize,quatorze,quinze,seize,dix-sept,dix-huit,dix-neuf,vingt,vingt-et-une,vingt-deux,vingt-trois,vingt-quatre,vingt-cinq,vingt-six,vingt-sept,vingt-huit,vingt-neuf,trente,trente-et-une,trente-deux,trente-trois,trente-quatre,trente-cinq,trente-six,trente-sept,trente-huit,trente-neuf,quarante,quarante-et-une,quarante-deux,quarante-trois,quarante-quatre,quarante-cinq,quarante-six,quarante-sept,quarante-huit,quarante-neuf,cinquante,cinquante-et-une,cinquante-deux,cinquante-trois,cinquante-quatre,cinquante-cinq,cinquante-six,cinquante-sept,cinquante-huit,cinquante-neuf]]>
		</sequence>
	</group>
	
	<group>
		<item highlight="minute&lt;=1"><![CDATA[minute]]></item>
		<item highlight="minute&gt;=2"><![CDATA[minutes]]></item>
	</group>

	<group>
		<item highlight="true"><![CDATA[et]]></item>
	</group>

	<group>
		<sequence bind="second" first="0" delimeter=",">
<![CDATA[zéro,une,deux,trois,quatre,cinq,six,sept,huit,neuf,dix,onze,douze,treize,quatorze,quinze,seize,dix-sept,dix-huit,dix-neuf,vingt,vingt-et-une,vingt-deux,vingt-trois,vingt-quatre,vingt-cinq,vingt-six,vingt-sept,vingt-huit,vingt-neuf,trente,trente-et-une,trente-deux,trente-trois,trente-quatre,trente-cinq,trente-six,trente-sept,trente-huit,trente-neuf,quarante,quarante-et-une,quarante-deux,quarante-trois,quarante-quatre,quarante-cinq,quarante-six,quarante-sept,quarante-huit,quarante-neuf,cinquante,cinquante-et-une,cinquante-deux,cinquante-trois,cinquante-quatre,cinquante-cinq,cinquante-six,cinquante-sept,cinquante-huit,cinquante-neuf]]>
		</sequence>
	</group>
	
	<group>
		<item highlight="second&lt;=1"><![CDATA[seconde]]></item>
		<item highlight="second&gt;=2"><![CDATA[secondes]]></item>
	</group>
</wordclock>
