<?xml version="1.0" encoding="UTF-8"?><!-- file:///Users/simon/Cocoa/wordclock_screensaver/xml/Galician.xml --><wordclock language="gl">	<title>		<![CDATA[Xoves vinteseis de Outubro, nove vinteseis am con dous segundos.]]>	</title>	<author>		<name><![CDATA[Fran Dieguez (GLUG)]]></name>		<url><![CDATA[http://glug.es/]]></url>		<email><![CDATA[fran.dieguez@glug.es]]></email>	</author>	<suitability>		<suitable style="linear" />		<suitable style="rotary" />	</suitability>	<group>		<sequence bind="daystartingmonday" first="0" delimeter=",">			<![CDATA[Luns,Martes,Mércores,Xoves,Venres,Sabado,Domingo]]>		</sequence>	</group>	<group>		<sequence bind="date" first="1" delimeter=",">			<![CDATA[primeiro,dos,tres,catro,cinco,seis,sete,oito,nove,dez,once,doce,trece,catorce,quince,dezaseis,dezasete,dezaoito,dezanove,vinte,vinteún,vintedous,vintetrés,vintecatro,vintecinco,vinteseis,vintesete,vinteoito,vintenove,trinta,tinta e ún]]>		</sequence>	</group>	<group>		<item highlight="true"><![CDATA[de]]></item>	</group>	<group>		<sequence bind="month" first="0" delimeter=",">			<![CDATA[Xaneiro,Febreiro,Marzal,Abril,Maio,Xuño,Xullo,Agosto,Setembro,Outubro,Novembro,Decembro]]>		</sequence>	</group>	<group>		<item highlight="true"><![CDATA[,]]></item>	</group>	<group>		<sequence bind="hour" first="0" delimeter=",">			<![CDATA[una,dos,tres,catro,cinco,seis,sete,oito,nove,dez,once,doce]]>		</sequence>	</group>	<group>		<sequence bind="minute" first="0" delimeter=",">			<![CDATA[en punto,un,dous,tres,catro,cinco,seis,sete,oito,nove,dez,once,doce,trece,catorce,e cuarto,dezaseis,dezasete,dezaoito,dezanove,vinte,vinteún,vintedous,vintetrés,vintecatro,vintecinco,vinteseis,vintesete,vinteoito,vintenove,e media,trinta e ún,trinta e dous,trinta e tres,trinta e catro,trinta e cinco,trinta e seis,trinta e sete,trinta e oito,trinta e nove,corenta,corenta e ún,corenta e dous,corenta e tres,corenta e catro,corenta e cinco,corenta e seis,corenta e sete,corenta e oito,corenta e nove,cincuenta,cincuenta e ún,cincuenta e dous,cincuenta e tres,cincuenta e catro,cincuenta e cinco,cincuenta e seis,cincuenta e sete,cincuenta e oito,cincuenta e nove]]>		</sequence>	</group>	<group>		<item highlight="twentyfourhour&lt;12"><![CDATA[am]]></item>		<item highlight="twentyfourhour&gt;=12"><![CDATA[pm]]></item>		<space count="58" />	</group>	<group>		<item highlight="true"><![CDATA[con]]></item>	</group>	<group>		<sequence bind="second" first="0" delimeter=",">			<![CDATA[cero,un,dous,tres,catro,cinco,seis,sete,oito,nove,dez,once,doce,trece,catorce,quince,dezaséis,dezasete,dezaoito,dezanove,veinte,vinteuno,vintedós,vintetrés,vintecatro,vintecinco,vinteséis,vintesete,vinteoito,vintenove,trinta,trinta e ún,trinta e dous,trinta e tres,trinta e catro,trinta e cinco,trinta e seis,trinta e sete,trinta e oito,trinta e nove,corenta,corenta e ún,corenta e dous,corenta e tres,corenta e catro,corenta e cinco,corenta e seis,corenta e sete,corenta e oito,corenta e nove,cincuenta,cincuenta e ún,cincuenta e dous,cincuenta e tres,cincuenta e catro,cincuenta e cinco,cincuenta e seis,cincuenta e sete,cincuenta e oito,cincuenta e nove]]>		</sequence>	</group>	<group>		<item highlight="second==1"><![CDATA[segundo]]></item>		<item highlight="second!=1"><![CDATA[segundos]]></item>		<space count="58" />	</group></wordclock>