<?xml version="1.0" encoding="UTF-8"?><!-- file:///Users/simon/Cocoa/wordclock_screensaver/xml/Hungarian.xml --><wordclock language="hu">	<title>		<![CDATA[Március huszonötödike, csütörtök, nulla óra tizenkilenc perc nulla másodperc.]]>	</title>	<author>		<name><![CDATA[Balázs Herczeg]]></name>		<url><![CDATA[]]></url>		<email><![CDATA[balazs.herczeg@dekaart.ee]]></email>	</author>	<suitability>		<suitable style="linear" />		<suitable style="rotary" />	</suitability>	<group>		<sequence bind="month" first="0" delimeter=",">			<![CDATA[Január,Február,Március,Április,Május,Június,Július,Augusztus,Szeptember,Október,November,December]]>		</sequence>	</group>	<group>		<sequence bind="date" first="1" delimeter=",">			<![CDATA[elseje,másodika,harmadika,negyedike,ötödike,hatodika,hetedike,nyolcadika,kilencedike,tizedike,tizenegyedike,tizenkettedike,tizenharmadika,tizennegyedike,tizenötödike,tizenhatodika,tizenhetedike,tizennyolcadika,tizenkilencedike,huszadika,huszonegyedike,huszonkettedike,huszonharmadika,huszonnegyedike,huszonötödike,huszonhatodika,huszonhetedike,huszonnyolcadika,huszonkilencedike,harmincadika,harmincegyedike]]>		</sequence>	</group>	<group>		<item highlight="true"><![CDATA[,]]></item>	</group>	<group>		<sequence bind="daystartingmonday" first="0" delimeter=",">			<![CDATA[hétfő,kedd,szerda,csütörtök,péntek,szombat,vasárnap]]>		</sequence>	</group>	<group>		<item highlight="true"><![CDATA[,]]></item>	</group>	<group>		<sequence bind="twentyfourhour" first="0" delimeter=",">			<![CDATA[nulla,egy,kettő,három,négy,öt,hat,hét,nyolc,kilenc,tíz,tizenegy,tizenkét,tizenhárom,tizennégy,tizenöt,tizenhat,tizenhét,tizennyolc,tizenkilenc,húsz,huszonegy,huszonkét,huszonhárom]]>		</sequence>	</group>	<group>		<item highlight="true"><![CDATA[óra]]></item>	</group>	<group>		<sequence bind="minute" first="0" delimeter=",">			<![CDATA[nulla,egy,kettő,három,négy,öt,hat,hét,nyolc,kilenc,tíz,tizenegy,tizenkét,tizenhárom,tizennégy,tizenöt,tizenhat,tizenhét,tizennyolc,tizenkilenc,húsz,huszonegy,huszonkét,huszonhárom,huszonnégy,huszonöt,huszonhat,huszonhét,huszonnyolc,huszonkilenc,harminc,harmincegy,harminckét,harminchárom,harmincnégy,harmincöt,harminchat,harminchét,harmincnyolc,harminckilenc,negyven,negyvenegy,negyvenkét,negyvenhárom,negyvennégy,negyvenöt,negyvenhat,negyvenhét,negyvennyolc,negyvenkilenc,ötven,ötvenegy,ötvenkét,ötvenhárom,ötvennégy,ötvenöt,ötvenhat,ötvenhét,ötvennyolc,ötvenkilenc]]>		</sequence>	</group>	<group>		<item highlight="true"><![CDATA[perc]]></item>	</group>	<group>		<sequence bind="second" first="0" delimeter=",">			<![CDATA[nulla,egy,kettő,három,négy,öt,hat,hét,nyolc,kilenc,tíz,tizenegy,tizenkét,tizenhárom,tizennégy,tizenöt,tizenhat,tizenhét,tizennyolc,tizenkilenc,húsz,huszonegy,huszonkét,huszonhárom,huszonnégy,huszonöt,huszonhat,huszonhét,huszonnyolc,huszonkilenc,harminc,harmincegy,harminckét,harminchárom,harmincnégy,harmincöt,harminchat,harminchét,harmincnyolc,harminckilenc,negyven,negyvenegy,negyvenkét,negyvenhárom,negyvennégy,negyvenöt,negyvenhat,negyvenhét,negyvennyolc,negyvenkilenc,ötven,ötvenegy,ötvenkét,ötvenhárom,ötvennégy,ötvenöt,ötvenhat,ötvenhét,ötvennyolc,ötvenkilenc]]>		</sequence>	</group>	<group>		<item highlight="true"><![CDATA[másodperc]]></item>	</group></wordclock>