<?xml version="1.0" encoding="UTF-8"?><!-- file:///Users/simon/Cocoa/wordclock_screensaver/xml/Italian.xml --><wordclock language="it">	<title>		<![CDATA[Giovedì venti di maggio, le sette e trentatre e ventuno secondi.]]>	</title>	<author>		<name><![CDATA[millenomi]]></name>		<url><![CDATA[http://infinite-labs.net/]]></url>		<email><![CDATA[millenomi@gmail.com]]></email>	</author>	<suitability>		<suitable style="linear" />		<suitable style="rotary" />	</suitability>	<group>		<sequence bind="daystartingmonday" first="0" delimeter=",">			<![CDATA[Lunedì,Martedì,Mercoledì,Giovedì,Venerdì,Sabato,Domenica]]>		</sequence>	</group>	<group>		<sequence bind="date" first="1" delimeter=",">			<![CDATA[primo,due,tre,quattro,cinque,sei,sette,otto,nove,dieci,undici,dodici,tredici,quattordici,quindici,sedici,diciassette,diciotto,diciannove,venti,ventuno,ventidue,ventitré,ventiquattro,venticinque,ventisei,ventisette,ventotto,ventinove,trenta,trentuno]]>		</sequence>	</group>	<group>		<item highlight="true"><![CDATA[di]]></item>	</group>	<group>		<sequence bind="month" first="0" delimeter=",">			<![CDATA[gennaio,febbraio,marzo,aprile,maggio,giugno,luglio,agosto,settembre,ottobre,novembre,dicembre]]>		</sequence>	</group>	<group>		<item highlight="true"><![CDATA[,]]></item>	</group>	<group>		<sequence bind="twentyfourhour" first="0" delimeter=",">			<![CDATA[mezzanotte,l'una,le due,le tre,le quattro,le cinque,le sei,le sette,le otto,le nove,le dieci,le undici,le dodici,l'una,le due,le tre,le quattro,le cinque,le sei,le sette,le otto,le nove,le dieci,le undici]]>		</sequence>	</group>	<group>		<item highlight="true"><![CDATA[e]]></item>	</group>	<group>		<sequence bind="minute" first="0" delimeter=",">			<![CDATA[in punto,uno,due,tre,quattro,cinque,sei,sette,otto,nove,dieci,undici,dodici,tredici,quattordici,quindici,sedici,diciassette,diciotto,diciannove,venti,ventuno,ventidue,ventitre,ventiquattro,venticinque,ventisei,ventisette,ventotto,ventinove,trenta,trentuno,trentadue,trentatre,trentaquattro,trentacinque,trentasei,trentasette,trentotto,trentanove,quaranta,quarantuno,quarantadue,quarantatre,quarantaquattro,quarantacinque,quarantasei,quarantasette,quarantotto,quarantanove,cinquanta,cinquantuno,cinquantadue,cinquantatre,cinquantaquattro,cinquantacinque,cinquantasei,cinquantasette,cinquantotto,cinquantanove]]>		</sequence>	</group>	<group>		<item highlight="true"><![CDATA[e]]></item>	</group>	<group>		<sequence bind="second" first="0" delimeter=",">			<![CDATA[zero,un,due,tre,quattro,cinque,sei,sette,otto,nove,dieci,undici,dodici,tredici,quattordici,quindici,sedici,diciassette,diciotto,diciannove,venti,ventuno,ventidue,ventitre,ventiquattro,venticinque,ventisei,ventisette,ventotto,ventinove,trenta,trentuno,trentadue,trentatre,trentaquattro,trentacinque,trentasei,trentasette,trentotto,trentanove,quaranta,quarantuno,quarantadue,quarantatre,quarantaquattro,quarantacinque,quarantasei,quarantasette,quarantotto,quarantanove,cinquanta,cinquantuno,cinquantadue,cinquantatre,cinquantaquattro,cinquantacinque,cinquantasei,cinquantasette,cinquantotto,cinquantanove]]>		</sequence>	</group>	<group>		<item highlight="second==1"><![CDATA[secondo]]></item>		<item highlight="second!=1"><![CDATA[secondi]]></item>		<space count="58" />	</group></wordclock>