<?xml version="1.0" encoding="UTF-8"?><!-- file:///Users/simon/Cocoa/wordclock_screensaver/xml/Latvian.xml --><wordclock language="lv">	<title>		<![CDATA[šobrīd ir otrdiena, deviņpadsmitais jūlijs, astoņi un piecdesmit minutes minūte, piecas sekunde.]]>	</title>	<author>		<name><![CDATA[Arturs 'ZerroQ' Zilgalvis]]></name>		<url><![CDATA[http://independency.wordpress.com/]]></url>		<email><![CDATA[inde.b3ta@gmail.com]]></email>	</author>	<suitability>		<suitable style="linear" />		<suitable style="rotary" />	</suitability>	<group>		<item highlight="true"><![CDATA[šobrīd ir]]></item>	</group>	<group>		<sequence bind="day" first="0" delimeter=",">			<![CDATA[svētdiena,pirmdiena,otrdiena,trešdiena,ceturtdiena,piektdiena,sestdiena]]>		</sequence>	</group>	<group>		<item highlight="true"><![CDATA[,]]></item>	</group>	<group>		<sequence bind="date" first="1" delimeter=",">			<![CDATA[pirmais,otrais,trešais,ceturtais,piektais,sestais,septītais,astotais,devītais,desmitais,vienpadsmitais,divpadsmitais,trīspadsmitais,četrpadsmitais,piecpadsmitais,sešpadsmitais,septiņpadsmitais,astoņpadsmitais,deviņpadsmitais,divdesmitais,divdesmit pirmais,divdesmit otrais,divdesmit trešais,divdesmit ceturtais,divdesmit piektais,divdesmit sestais,divdesmit septītais,divdesmit astotais,divdesmit devītais,trīsdesmitais,trīsdesmit pirmais]]>		</sequence>	</group>	<group>		<sequence bind="month" first="0" delimeter=",">			<![CDATA[janvāris,februāris,marts,aprīlis,maijs,jūnijs,jūlijs,augusts,septembris,oktobris,novembris,decembris]]>		</sequence>	</group>	<group>		<item highlight="true"><![CDATA[,]]></item>	</group>	<group>		<sequence bind="twentyfourhour" first="0" delimeter=",">			<![CDATA[pusnakts,viens,divi,trīs,četri,pieci,seši,septiņi,astoņi,deviņi,desmit,vienpadsmit,divpadsmit,tīspadsmit,četrpadsmit,piecpadsmit,sešpadsmit,septiņpadsmit,astoņpadsmit,deviņpadsmit,divdesmit,divdesmit viens,divdesmit divi,divdesmit trīs]]>		</sequence>	</group>	<group>		<item highlight="true"><![CDATA[un]]></item>	</group>	<group>		<sequence bind="minute" first="0" delimeter=",">			<![CDATA[neviena,viena,divas,trīs,četras,piecas,sešas,septiņas,astoņas,deviņas,desmit,vienpadsmit,divpadsmit,trīspadsmit,četrpadsmit,piecpadsmit,sešpadsmit,septiņpadsmit,astoņpadsmit,deviņpadsmit,divdesmit,divdesmit viena minūte,divdesmit divas,divdesmit trīs,divdesmit šetras,divdesmit piecas,divdesmit sešas,divdesmit septiņas,divdesmit astoņas,divdesmit deviņas,trīsdesmit,trīsdesmit viena minūte,trīsdesmit divas,trīsdesmit trīs,trīsdesmit četras,trīsdesmit piecas,trīsdesmit sešas,trīsdesmit septiņas,trīsadesmit astoņas,trīsdesmit deviņas,četrdesmit,četrdesmit viena minūte,četrdesmit divas,četrdesmit trīs,četrdesmit četras,četrdesmit piecas,četrdesmit sešas,četrdesmit septiņas,četrdesmit astoņas,četrdesmit deviņas,piecdesmit minutes,piecdesmit viena minūte,piecdesmit divas,piecdesmit trīs,piecdesmit četras,piecdesmit piecas,piecdesmit sešas,piecdesmit septņas,piecdesmit astoņas,piecdesmit deviņas]]>		</sequence>	</group>	<group>		<item highlight="minute&lt;=1 || minute==21 || minute==31 || minute==41 || minute==51"><![CDATA[minūte]]></item>		<item highlight="true"><![CDATA[minūtes]]></item>		<space count="58" />	</group>	<group>		<item highlight="true"><![CDATA[,]]></item>	</group>	<group>		<sequence bind="second" first="0" delimeter=",">			<![CDATA[neviena,viena,divas,trīs,četras,piecas,sešas,septiņas,astoņas,deviņas,desmit,vienpadsmit,divpadsmit,trīspadsmit,četrpadsmit,piecpadsmit,sešpadsmit,septiņpadsmit,astoņpadsmit,deviņpadsmit,divdesmit,divdesmit viena,divdesmit divas,divdesmit trīs,divdesmit šetras,divdesmit piecas,divdesmit sešas,divdesmit septiņas,divdesmit astoņas,divdesmit deviņas,trīsdesmit,trīsdesmit viena,trīsdesmit divas,trīsdesmit trīs,trīsdesmit četras,trīsdesmit piecas,trīsdesmit sešas,trīsdesmit septiņas,trīsadesmit astoņas,trīsdesmit deviņas,četrdesmit,četrdesmit viena,četrdesmit divas,četrdesmit trīs,četrdesmit četras,četrdesmit piecas,četrdesmit sešas,četrdesmit septiņas,četrdesmit astoņas,četrdesmit deviņas,piecdesmit,piecdesmit viena,piecdesmit divas,piecdesmit trīs,piecdesmit četras,piecdesmit piecas,piecdesmit sešas,piecdesmit septņas,piecdesmit astoņas,piecdesmit deviņas]]>		</sequence>	</group>	<group>		<item highlight="second&lt;=1 || second==21 || second==31 || second==41 || second==51"><![CDATA[sekunde]]></item>		<item highlight="true"><![CDATA[sekundes]]></item>		<space count="58" />	</group></wordclock>