<?xml version="1.0" encoding="UTF-8"?><!-- file:///Users/simon/Cocoa/wordclock_screensaver/xml/Macedonian.xml --><wordclock language="mk">	<title>		<![CDATA[Петок девети Ноември, Два Часот, една Минута дваесет и четири Секунди.]]>	</title>	<author>		<name><![CDATA[Blagoj Srbinov]]></name>		<url><![CDATA[]]></url>		<email><![CDATA[blagoj@gmail.com]]></email>	</author>	<suitability>		<suitable style="linear" />		<suitable style="rotary" />	</suitability>	<group>		<sequence bind="day" first="0" delimeter=",">			<![CDATA[Недела,Понеделник,Вторник,Среда,Четврток,Петок,Сабота]]>		</sequence>	</group>	<group>		<sequence bind="date" first="1" delimeter=",">			<![CDATA[први,втори,трети,четврти,петти,шести,седми,осми,девети,десети,единаесети,дванаесети,тринаесети,четиринаести,петнаести,шестнаести,седумнаести,осумнаести,деветнаести,дваесети,дваесет и први,дваесет и втори,дваесет и трети,дваесет и четврти,дваесет и петти,дваесет и шести,дваесет и седми,дваесет и осми,дваесет и девети,триесети,триесет и први]]>		</sequence>	</group>	<group>		<sequence bind="month" first="0" delimeter=",">			<![CDATA[Јануари,Февруари,Март,Април,Мај,Јуни,Јули,Август,Септември,Октомври,Ноември,Декември]]>		</sequence>	</group>	<group>		<item highlight="true"><![CDATA[,]]></item>	</group>	<group>		<sequence bind="twentyfourhour" first="0" delimeter=",">			<![CDATA[Нула,Еден,Два,Три,Четири,Пет,Шест,Седум,Осум,Девет, Десет, Единаест,Дванаесет,Тринаесет,Четиринаесет,Петнаесет,Шеснаесет,Седумнаесет,Осумнаесет,Деветнаесет,Дваесет,Дваесет и Еден,Дваесет и Два,Дваесет и Три]]>		</sequence>	</group>	<group>		<item highlight="true"><![CDATA[Часот,]]></item>	</group>	<group>		<sequence bind="minute" first="0" delimeter=",">			<![CDATA[нула,една,две,три,четири,пет,шест,седум,осум,девет,десет,единаесет,дванаесет,тринаесет,четиринаесет,петнаесет,шестнаесет,седумнаест,осумнаесет,деветнаесет,дваесет,дваесет и една,дваесет и две,дваесет и три,дваесет и четири,дваесет и пет,дваесет и шест,дваесет и седум,дваесет и осум,дваесет и девет,триесет,триесет и една, триесет и две,триесет и три,триесет и четири,триесет и пет,триесет и шест,триесет и седум,триесет и осум,триесет и девет,четириесет,четириесет и една,четириесет и две,четириесет и три,четириесет и четири,четириесет и пет,четириесет и шест,четириесет и седум,четириесет и осум,четириесет и девет,педесет,педесет и една,педесет и две,педесет и три,педесет и четири,педесет и пет,педесет и шест,педесет и седум,педесет и осум,педесет и девет]]>		</sequence>	</group>	<group>		<item highlight="minute==1"><![CDATA[Минута]]></item>		<item highlight="minute!=1"><![CDATA[Минути]]></item>		<space count="58" />	</group>	<group>		<sequence bind="second" first="0" delimeter=",">			<![CDATA[нула,една,две,три,четири,пет,шест,седум,осум,девет,десет,единаесет,дванаесет,тринаесет,четиринаесет,петнаесет,шестнаесет,седумнаест,осумнаесет,деветнаесет,дваесет,дваесет и една,дваесет и две,дваесет и три,дваесет и четири,дваесет и пет,дваесет и шест,дваесет и седум,дваесет и осум,дваесет и девет,триесет,триесет и една, триесет и две,триесет и три,триесет и четири,триесет и пет,триесет и шест,триесет и седум,триесет и осум,триесет и девет,четириесет,четириесет и една,четириесет и две,четириесет и три,четириесет и четири,четириесет и пет,четириесет и шест,четириесет и седум,четириесет и осум,четириесет и девет,педесет,педесет и една,педесет и две,педесет и три,педесет и четири,педесет и пет,педесет и шест,педесет и седум,педесет и осум,педесет и девет]]>		</sequence>	</group>	<group>		<item highlight="second==1"><![CDATA[Секунда]]></item>		<item highlight="second!=1"><![CDATA[Секунди]]></item>		<space count="58" />	</group></wordclock>