<?xml version="1.0" encoding="UTF-8"?><!-- file:///Users/simon/Cocoa/wordclock_screensaver/xml/Norwegian.xml --><wordclock language="no">	<title>		<![CDATA[Søndag den tjueåttende november, femti-en minutter og tjuesyv sekunder over syv]]>	</title>	<author>		<name><![CDATA[Henrik Christiansen]]></name>		<url><![CDATA[]]></url>		<email><![CDATA[henrikdotc@gmail.com]]></email>	</author>	<suitability>		<suitable style="linear" />		<suitable style="rotary" />	</suitability>	<group>		<sequence bind="daystartingmonday" first="0" delimeter=",">			<![CDATA[Mandag,Tirsdag,Onsdag,Torsdag,Fredag,Lørdag,Søndag]]>		</sequence>	</group>	<group>		<item highlight="true"><![CDATA[den]]></item>	</group>	<group>		<sequence bind="date" first="1" delimeter=",">			<![CDATA[første,andre,tredje,fjerde,femte,sjette,syvende,åttende,niende,tiende,ellevte,tolvte,trettende,fjortende,femtende,sekstende,syttende,attende,nittende,tjuende,tjueførste,tjueandre,tjuetredje,tjuefjerde,tjuefemte,tjuesjette,tjuesyvende,tjueåttende,tjueniende,tredevte,tretti-første]]>		</sequence>	</group>	<group>		<sequence bind="month" first="0" delimeter=",">			<![CDATA[januar,februar,mars,april,mai,juni,juli,august,september,oktober,november,desember]]>		</sequence>	</group>	<group>		<item highlight="true"><![CDATA[,]]></item>	</group>	<group>		<sequence bind="minute" first="0" delimeter=",">			<![CDATA[null,ett,to,tre,fire,fem,seks,syv,åtte,ni,ti,elleve,tolv,tretten,fjorten,femten,seksten,sytten,atten,nitten,tjue,tjueen,tjueto,tjuetre,tjuefire,tjuefem,tjueseks,tjuesyv,tjueåtte,tjueni,tretti,tretti-en,tretti-to,tretti-tre,tretti-fire,tretti-fem,tretti-seks,tretti-syv,tretti-åtte,tretti-ni,førti,førti-en,førti-to,førti-tre,førti-fire,førti-fem,førti-seks,førti-syv,førti-åtte,førti-ni,femti,femti-en,femti-to,femti-tre,femti-fire,femti-fem,femti-seks,femti-syv,femti-åtte,femti-ni]]>		</sequence>	</group>	<group>		<item highlight="true"><![CDATA[minutter og]]></item>	</group>	<group>		<sequence bind="second" first="0" delimeter=",">			<![CDATA[null,ett,to,tre,fire,fem,seks,syv,åtte,ni,ti,elleve,tolv,tretten,fjorten,femten,seksten,sytten,atten,nitten,tjue,tjueen,tjueto,tjuetre,tjuefire,tjuefem,tjueseks,tjuesyv,tjueåtte,tjueni,tretti,tretti-en,tretti-to,tretti-tre,tretti-fire,tretti-fem,tretti-seks,tretti-syv,tretti-åtte,tretti-ni,førti,førti-en,førti-to,førti-tre,førti-fire,førti-fem,førti-seks,førti-syv,førti-åtte,førti-ni,femti,femti-en,femti-to,femti-tre,femti-fire,femti-fem,femti-seks,femti-syv,femti-åtte,femti-ni]]>		</sequence>	</group>	<group>		<item highlight="true"><![CDATA[sekunder over]]></item>	</group>	<group>		<sequence bind="hour" first="0" delimeter=",">			<![CDATA[ett,to,tre,fire,fem,seks,syv,åtte,ni,ti,elleve,tolv,ett,to,tre,fire,fem,seks,syv,åtte,ni,ti,elleve,tolv]]>		</sequence>	</group></wordclock>