<?xml version="1.0" encoding="UTF-8"?><!-- file:///Users/simon/Cocoa/wordclock_screensaver/xml/Slovak.xml --><wordclock language="sk">	<title>		<![CDATA[piatok dvadsiatehoprvého decembra dve hodina dvadsaťjeden po polnoci tridsaťpäť sekundy.]]>	</title>	<author>		<name><![CDATA[peter]]></name>		<url><![CDATA[http://www.riverstone.sk/]]></url>		<email><![CDATA[peter@riverstone.sk]]></email>	</author>	<suitability>		<suitable style="linear" />		<suitable style="rotary" />	</suitability>	<group>		<sequence bind="daystartingmonday" first="0" delimeter=",">			<![CDATA[pondelok,utorok,streda,štvrtok,piatok,sobota,nedeľa]]>		</sequence>	</group>	<group>		<sequence bind="date" first="1" delimeter=",">			<![CDATA[prvého,druhého,tretieho,štvrtého,piateho,šiesteho,siedemeho,ôsmeho,deviateho,desiateho,jedenásteho,dvanásteho,trinásteho,štrnásteho,pätnásteho,šestnásteho,sedemnásteho,osemnásteho,devätnásteho,dvadsiateho,dvadsiatehoprvého,dvadsiatehodruhého,dvadsiatehotretieho,dvadsiatehoštvrtého,dvadsiatehopiateho,dvadsiatehošiesteho,dvadsiatehosiedemeho,dvadsiatehoôsmeho,dvadsiatehodeviateho,tridsiateho,tridsiatehoprvého]]>		</sequence>	</group>	<group>		<sequence bind="month" first="0" delimeter=",">			<![CDATA[januára,februára,marca,apríla,mája,júna,júla,augusta,septembra,októbra,novembra,decembra]]>		</sequence>	</group>	<group>		<sequence bind="hour" first="0" delimeter=",">			<![CDATA[jedna,dve,tri,štyri,päť,šesť,sedem,osem,deväť,desať,jedenásť,dvanásť,trinásť,štrnásť,pätnásť,šestnásť,sedemnásť,osemnásť,devätnásť,dvadsať,dvadsaťjeden,dvadsaťdva,dvadsaťtri,polnoc]]>		</sequence>	</group>	<group>		<item highlight="(hour&gt;=1) hour==***LOOKUP RULE***"><![CDATA[hodina]]></item>		<item highlight="(hour&gt;=1) hour==***LOOKUP RULE***"><![CDATA[hodiny]]></item>		<item highlight="(hour&gt;=1) hour==***LOOKUP RULE***"><![CDATA[hodín]]></item>		<space count="57" />	</group>	<group>		<sequence bind="minute" first="0" delimeter=",">			<![CDATA[presne,jedna,dve,tri,štyri,päť,šesť,sedem,osem,deväť,desať,jedenásť,dvanásť,trinásť,štrnásť,pätnásť,šestnásť,sedemnásť,osemnásť,devätnásť,dvadsať,dvadsaťjeden,dvadsaťdva,dvadsaťtri,dvadsaťštyri,dvadsaťpäť,dvadsaťšesť,dvadsaťsedem,dvadsaťosem,dvadsaťdeväť,tridsať,tridsaťjeden,tridsaťdva,tridsaťtri,tridsaťštyri,tridsaťpäť,tridsaťšesť,tridsaťsedem,tridsaťosem,tridsaťdeväť,štyridsať,štyridsaťjeden,štyridsaťdva,štyridsaťtri,štyridsaťštyri,štyridsaťpäť,štyridsaťšesť,štyridsaťsedem,štyridsaťosem,štyridsaťdeväť,päťdesiat,päťdesiatjeden,päťdesiatdva,päťdesiattri,päťdesiatštyri,päťdesiatpäť,päťdesiatšesť,päťdesiatsedem,päťdesiatosem,päťdesiatdeväť]]>		</sequence>	</group>	<group>		<item highlight="(minute!=0) && minute&lt;=1"><![CDATA[minúta]]></item>		<item highlight="(minute!=0) && minute&lt;=4"><![CDATA[minúty]]></item>		<item highlight="(minute!=0) && minute&gt;=5"><![CDATA[minút]]></item>		<item highlight="else"><![CDATA[]]></item>		<space count="56" />	</group>	<group>		<item highlight="hour==0 && minute==0"><![CDATA[polnoc]]></item>		<item highlight="hour==0 && minute!=0"><![CDATA[po polnoci]]></item>		<item highlight="else"><![CDATA[]]></item>		<space count="57" />	</group>	<group>		<item highlight="second!=0"><![CDATA[a]]></item>		<item highlight="else"><![CDATA[]]></item>		<space count="58" />	</group>	<group>		<sequence bind="second" first="0" delimeter=",">			<![CDATA[presne,jedna,dve,tri,štyri,päť,šesť,sedem,osem,deväť,desať,jedenásť,dvanásť,trinásť,štrnásť,pätnásť,šestnásť,sedemnásť,osemnásť,devätnásť,dvadsať,dvadsaťjeden,dvadsaťdva,dvadsaťtri,dvadsaťštyri,dvadsaťpäť,dvadsaťšesť,dvadsaťsedem,dvadsaťosem,dvadsaťdeväť,tridsať,tridsaťjeden,tridsaťdva,tridsaťtri,tridsaťštyri,tridsaťpäť,tridsaťšesť,tridsaťsedem,tridsaťosem,tridsaťdeväť,štyridsať,štyridsaťjeden,štyridsaťdva,štyridsaťtri,štyridsaťštyri,štyridsaťpäť,štyridsaťšesť,štyridsaťsedem,štyridsaťosem,štyridsaťdeväť,päťdesiat,päťdesiatjeden,päťdesiatdva,päťdesiattri,päťdesiatštyri,päťdesiatpäť,päťdesiatšesť,päťdesiatsedem,päťdesiatosem,päťdesiatdeväť]]>		</sequence>	</group>	<group>		<item highlight="(second!=0) && second&lt;=1"><![CDATA[sekunda]]></item>		<item highlight="(second!=0) && second&lt;=4"><![CDATA[sekundy]]></item>		<item highlight="(second!=0) && second&gt;=5"><![CDATA[sekúnd]]></item>		<space count="57" />	</group></wordclock>