<?xml version="1.0" encoding="UTF-8"?><!-- file:///Users/simon/Cocoa/wordclock_screensaver/xml/Swedish.xml --><wordclock language="sv">	<title>		<![CDATA[Tisdagen den tjugotredje juni kl fyra fyrtiofyra och trettioåtta sekunder.]]>	</title>	<author>		<name><![CDATA[Rasmus Andersson]]></name>		<url><![CDATA[]]></url>		<email><![CDATA[rasmus@flajm.se]]></email>	</author>	<suitability>		<suitable style="linear" />		<suitable style="rotary" />	</suitability>	<group>		<sequence bind="daystartingmonday" first="0" delimeter=",">			<![CDATA[Måndagen,Tisdagen,Onsdagen,Torsdagen,Fredagen,Lördagen,Söndagen]]>		</sequence>	</group>	<group>		<item highlight="true"><![CDATA[den]]></item>	</group>	<group>		<sequence bind="date" first="1" delimeter=",">			<![CDATA[första,andra,tredje,fjärde,femte,sjätte,sjunde,åttonde,nionde,tionde,elfte,tolfte,trettonde,fjortonde,femtonde,sextonde,sjuttonde,artonde,nittonde,tjugonde,tjugoförsta,tjugoandra,tjugotredje,tjugofjärde,tjugofemte,tjugosjätte,tjugosjunde,tjugoåttonde,tjugonionde,trettionde,trettioförsta]]>		</sequence>	</group>	<group>		<sequence bind="month" first="0" delimeter=",">			<![CDATA[januari,februari,mars,april,maj,juni,juli,augusti,september,oktober,november,december]]>		</sequence>	</group>	<group>		<item highlight="true"><![CDATA[kl]]></item>	</group>	<group>		<sequence bind="hour" first="0" delimeter=",">			<![CDATA[ett,två,tre,fyra,fem,sex,sju,åtta,nio,tio,elva,tolv]]>		</sequence>	</group>	<group>		<sequence bind="minute" first="0" delimeter=",">			<![CDATA[noll-noll,noll-ett,noll-två,noll-tre,noll-fyra,noll-fem,noll-sex,noll-sju,noll-åtta,noll-nio,tio,elva,tolv,tretton,fjorton,femton,sexton,sjutton,arton,nitton,tjugo,tjugoett,tjugotvå,tjugotre,tjugofyra,tjugofem,tjugosex,tjugosju,tjugoåtta,tjugonio,trettio,trettioett,trettiotvå,trettiotre,trettiofyra,trettiofem,trettiosex,trettiosju,trettioåtta,trettionio,fyrtio,fyrtioett,fyrtiotvå,fyrtiotre,fyrtiofyra,fyrtiofem,fyrtiosex,fyrtiosju,fyrtioåtta,fyrtionio,femtio,femtioett,femtiotvå,femtiotre,femtiofyra,femtiofem,femtiosex,femtiosju,femtioåtta,femtionio]]>		</sequence>	</group>	<group>		<item highlight="true"><![CDATA[och]]></item>	</group>	<group>		<sequence bind="second" first="0" delimeter=",">			<![CDATA[noll-noll,noll-ett,noll-två,noll-tre,noll-fyra,noll-fem,noll-sex,noll-sju,noll-åtta,noll-nio,tio,elva,tolv,tretton,fjorton,femton,sexton,sjutton,arton,nitton,tjugo,tjugoett,tjugotvå,tjugotre,tjugofyra,tjugofem,tjugosex,tjugosju,tjugoåtta,tjugonio,trettio,trettioett,trettiotvå,trettiotre,trettiofyra,trettiofem,trettiosex,trettiosju,trettioåtta,trettionio,fyrtio,fyrtioett,fyrtiotvå,fyrtiotre,fyrtiofyra,fyrtiofem,fyrtiosex,fyrtiosju,fyrtioåtta,fyrtionio,femtio,femtioett,femtiotvå,femtiotre,femtiofyra,femtiofem,femtiosex,femtiosju,femtioåtta,femtionio]]>		</sequence>	</group>	<group>		<item highlight="true"><![CDATA[sekunder]]></item>	</group></wordclock>