<?xml version="1.0" encoding="UTF-8"?><!-- file:///Users/simon/Cocoa/wordclock_screensaver/xml/Ukrainian.xml --><wordclock language="uk">	<title>		<![CDATA[середа двадцять п'яте квiтня, п'ята година, двадцять хвилини, тридцять сім секунди.]]>	</title>	<author>		<name><![CDATA[***LOOKUP***]]></name>		<url><![CDATA[***LOOKUP***]]></url>		<email><![CDATA[***LOOKUP***]]></email>	</author>	<suitability>		<suitable style="linear" />		<suitable style="rotary" />	</suitability>	<group>		<sequence bind="daystartingmonday" first="0" delimeter=",">			<![CDATA[понеділок,вівторок,середа,четвер,п'ятниця,субота,неділя]]>		</sequence>	</group>	<group>		<sequence bind="date" first="1" delimeter=",">			<![CDATA[перше,друге,третє,четверте,п'яте,шосте,сьоме,восьме,дев'яте,десяте,одинадцяте,дванадцяте,тринадцяте,чотирнадцяте,п'ятнадцяте,шістнадцяте,сімнадцяте,вісімнадцяте,дев'ятнадцяте,двадцяте,двадцять перше,двадцять друге,двадцять третє,двадцять четверте,двадцять п'яте,двадцять шосте,двадцять сьоме,двадцять восьме,двадцять дев'яте,тридцяте,тридцять перше]]>		</sequence>	</group>	<group>		<sequence bind="month" first="0" delimeter=",">			<![CDATA[сiчня,лютого,березня,квiтня,травня,червня,липня,серпня,вересня,жовтня,листопада,грудня]]>		</sequence>	</group>	<group>		<item highlight="true"><![CDATA[,]]></item>	</group>	<group>		<sequence bind="hour" first="0" delimeter=",">			<![CDATA[перша,друга,третя,четверта,п'ята,шоста,сьома,восьма,дев'ята,десята,одинадцята,дванадцята]]>		</sequence>	</group>	<group>		<item highlight="true"><![CDATA[година,]]></item>	</group>	<group>		<sequence bind="minute" first="0" delimeter=",">			<![CDATA[нуль,одна,дві,три,чотири,п'ять,шість,сім,вісім,дев'ять,десять,одинадцять,дванадцять,тринадцять,чотирнадцять,п'ятнадцять,шістнадцять,сімнадцять,вісімнадцять,дев'ятнадцять,двадцять,двадцять одна,двадцять дві,двадцять три,двадцять чотири,двадцять п'ять,двадцять шість,двадцять сім,двадцять вісім,двадцять дев'ять,тридцять,тридцять одна,тридцять дві,тридцять три,тридцять чотири,тридцять п'ять,тридцять шість,тридцять сім,тридцять вісім,тридцять дев'ять,сорок,сорок одна,сорок дві,сорок три,сорок чотири,сорок п'ять,сорок шість,сорок сім,сорок вісім,сорок дев'ять,п'ятдесят,п'ятдесят одна,п'ятдесят дві,п'ятдесят три,п'ятдесят чотири,п'ятдесят п'ять,п'ятдесят шість,п'ятдесят сім,п'ятдесят вісім,п'ятдесят дев'ять]]>		</sequence>	</group>	<group>		<item highlight="minute==1 || minute==21 || minute==31 || minute==41 || minute==51"><![CDATA[хвилина]]></item>		<item highlight="(minute &gt;=2 && minute &lt;= 4) || (minute &gt;=22 && minute &lt;= 24) || (minute &gt;=32 && minute &lt;= 34) || (minute &gt;=42 && minute &lt;= 44) || (minute &gt;=52 && minute &lt;= 54)"><![CDATA[хвилини]]></item>		<item highlight="true"><![CDATA[хвилин]]></item>		<space count="57" />	</group>	<group>		<item highlight="true"><![CDATA[,]]></item>	</group>	<group>		<sequence bind="second" first="0" delimeter=",">			<![CDATA[нуль,одна,дві,три,чотири,п'ять,шість,сім,вісім,дев'ять,десять,одинадцять,дванадцять,тринадцять,чотирнадцять,п'ятнадцять,шістнадцять,сімнадцять,вісімнадцять,дев'ятнадцять,двадцять,двадцять одна,двадцять дві,двадцять три,двадцять чотири,двадцять п'ять,двадцять шість,двадцять сім,двадцять вісім,двадцять дев'ять,тридцять,тридцять одна,тридцять дві,тридцять три,тридцять чотири,тридцять п'ять,тридцять шість,тридцять сім,тридцять вісім,тридцять дев'ять,сорок,сорок одна,сорок дві,сорок три,сорок чотири,сорок п'ять,сорок шість,сорок сім,сорок вісім,сорок дев'ять,п'ятдесят,п'ятдесят одна,п'ятдесят дві,п'ятдесят три,п'ятдесят чотири,п'ятдесят п'ять,п'ятдесят шість,п'ятдесят сім,п'ятдесят вісім,п'ятдесят дев'ять]]>		</sequence>	</group>	<group>		<item highlight="second==1 || second==21 || second==31 || second==41 || second==51"><![CDATA[секунда]]></item>		<item highlight="(minute &gt;=2 && minute &lt;= 4) || (minute &gt;=22 && minute &lt;= 24) || (minute &gt;=32 && minute &lt;= 34) || (minute &gt;=42 && minute &lt;= 44) || (minute &gt;=52 && minute &lt;= 54)"><![CDATA[секунди]]></item>		<item highlight="true"><![CDATA[секунд]]></item>		<space count="57" />	</group></wordclock>